Threads,Time(ms)
1,3.50122
16,0.26048
32,0.174496
64,0.179264
128,0.17952
256,0.173952
512,0.173184
1024,0.174944
