Threads,Time(ms)
2,16.4789
4,8.40442
8,4.59622
16,2.42362
32,1.37965
64,1.36634
128,1.36221
256,1.3647
512,1.36512
1024,1.36534
